rating,name,testimonial
5.0,Maria Santos,"The team made the entire property search simple, clear, and stress-free."
4.8,Daniel Reyes,"Every question was answered quickly, and we always knew what the next step would be."
4.9,Angela Cruz,"We found a home that matched our needs and budget much faster than expected."
4.7,Paolo Mendoza,"Professional service from the first viewing through the final paperwork."
5.0,Sofia Lim,"The property recommendations were thoughtful, relevant, and saved us a great deal of time."
4.6,Joshua Tan,"A smooth experience with friendly support and excellent attention to detail."
4.9,Camille Garcia,"They listened carefully to what our family needed and helped us find the right location."
4.8,Marco Villanueva,"Communication was consistent, honest, and easy to understand throughout the process."
5.0,Isabella Flores,"I would gladly recommend this team to anyone looking for a reliable real-estate partner."
4.7,,"Helpful, patient, and responsive—the whole process felt manageable from beginning to end."
